{
    "views": [
        {
            "tag": "global-view-in-conceptfusion",
            "view": {
                "class_name": "ViewTrajectory",
                "interval": 29,
                "is_loop": false,
                "trajectory": [
                    {
                        "boundingbox_max": [
                            13.334999999999999,
                            9.6600000000000001,
                            2.6100000000000003
                        ],
                        "boundingbox_min": [
                            -1.395,
                            -3.3449999999999998,
                            -0.13500000000000001
                        ],
                        "field_of_view": 60.0,
                        "front": [
                            0.6201607533680763,
                            -0.54084723356211684,
                            0.56822962781796682
                        ],
                        "lookat": [
                            4.9152777975541806,
                            2.5878789512122773,
                            1.3653319341596784
                        ],
                        "up": [
                            -0.49340241534398405,
                            0.29421351622559117,
                            0.81853067346489605
                        ],
                        "zoom": 0.15600000000000003
                    }
                ],
                "version_major": 1,
                "version_minor": 0
            }
        },
        {
            "tag": "top-down-view",
            "view": {
                "class_name": "ViewTrajectory",
                "interval": 29,
                "is_loop": false,
                "trajectory": [
                    {
                        "boundingbox_max": [
                            13.334999999999999,
                            9.6600000000000001,
                            2.6100000000000003
                        ],
                        "boundingbox_min": [
                            -1.395,
                            -3.3449999999999998,
                            -0.13500000000000001
                        ],
                        "field_of_view": 70.0,
                        "front": [
                            0.0,
                            0.0,
                            1.0
                        ],
                        "lookat": [
                            4.2537524008361487,
                            3.6793234092021563,
                            1.2375000000000003
                        ],
                        "up": [
                            -0.99656169103039738,
                            0.082854064297626706,
                            0.0
                        ],
                        "zoom": 0.22199999999999942
                    }
                ],
                "version_major": 1,
                "version_minor": 0
            }
        },
        {
            "tag": "view-from-window",
            "view": {
                "class_name": "ViewTrajectory",
                "interval": 29,
                "is_loop": false,
                "trajectory": [
                    {
                        "boundingbox_max": [
                            13.334999999999999,
                            9.6600000000000001,
                            2.6100000000000003
                        ],
                        "boundingbox_min": [
                            -1.395,
                            -3.3449999999999998,
                            -0.13500000000000001
                        ],
                        "field_of_view": 75.0,
                        "front": [
                            -0.43579849970483053,
                            -0.81268877484826796,
                            0.38680308024967969
                        ],
                        "lookat": [
                            3.6443838480514157,
                            2.4381129614749457,
                            1.316757169357692
                        ],
                        "up": [
                            0.11609887788944337,
                            0.37541099490783036,
                            0.91955839154189956
                        ],
                        "zoom": 0.094000000000000028
                    }
                ],
                "version_major": 1,
                "version_minor": 0
            }
        }
    ]
}
