{
    "views": [
        {
            "tag": "global view",
            "view": {
                "class_name": "ViewTrajectory",
                "interval": 29,
                "is_loop": false,
                "trajectory": [
                    {
                        "boundingbox_max": [
                            10.469086303710938,
                            8.7599999999999998,
                            2.9571990966796875
                        ],
                        "boundingbox_min": [
                            -0.64500000000000002,
                            -0.044999999999999998,
                            -0.089999999999999997
                        ],
                        "field_of_view": 80.0,
                        "front": [
                            0.0,
                            0.0,
                            1.0
                        ],
                        "lookat": [
                            6.134841269053962,
                            5.0883097265161465,
                            1.4335995483398438
                        ],
                        "up": [
                            -0.33389422240417282,
                            0.94261054961480018,
                            0.0
                        ],
                        "zoom": 0.42199999999999971
                    }
                ],
                "version_major": 1,
                "version_minor": 0
            }
        },
        {
            "tag": "bed-desk-curtain",
            "view": {
                "class_name": "ViewTrajectory",
                "interval": 29,
                "is_loop": false,
                "trajectory": [
                    {
                        "boundingbox_max": [
                            10.469086303710938,
                            8.7599999999999998,
                            2.9571990966796875
                        ],
                        "boundingbox_min": [
                            -0.64500000000000002,
                            -0.044999999999999998,
                            -0.089999999999999997
                        ],
                        "field_of_view": 75.0,
                        "front": [
                            -0.028663423700793732,
                            0.88487959108869862,
                            0.46493711124887227
                        ],
                        "lookat": [
                            3.9049368185727142,
                            3.4011185264710182,
                            2.2739116359695659
                        ],
                        "up": [
                            0.14149927148739258,
                            -0.45685250958806911,
                            0.8782162265932123
                        ],
                        "zoom": 0.14199999999999996
                    }
                ],
                "version_major": 1,
                "version_minor": 0
            }
        },
        {
            "tag": "counter-fridge",
            "view": {
                "class_name": "ViewTrajectory",
                "interval": 29,
                "is_loop": false,
                "trajectory": [
                    {
                        "boundingbox_max": [
                            10.469086303710938,
                            8.7599999999999998,
                            2.9571990966796875
                        ],
                        "boundingbox_min": [
                            -0.64500000000000002,
                            -0.044999999999999998,
                            -0.089999999999999997
                        ],
                        "field_of_view": 60.0,
                        "front": [
                            -0.82600048431306849,
                            -0.0032999179065095834,
                            0.56365974706057087
                        ],
                        "lookat": [
                            5.1760868854492905,
                            6.4663252790932582,
                            1.8328815678598942
                        ],
                        "up": [
                            0.56277821899576574,
                            -0.061037348079739241,
                            0.82435133187455145
                        ],
                        "zoom": 0.11799999999999947
                    }
                ],
                "version_major": 1,
                "version_minor": 0
            }
        },
        {
            "tag": "sofa-tv-four_chairs-curtain",
            "view": {
                "class_name": "ViewTrajectory",
                "interval": 29,
                "is_loop": false,
                "trajectory": [
                    {
                        "boundingbox_max": [
                            10.469086303710938,
                            8.7599999999999998,
                            2.9571990966796875
                        ],
                        "boundingbox_min": [
                            -0.64500000000000002,
                            -0.044999999999999998,
                            -0.089999999999999997
                        ],
                        "field_of_view": 60.0,
                        "front": [
                            0.74866352335480257,
                            -0.10339613217625869,
                            0.65483751316564243
                        ],
                        "lookat": [
                            3.915546804531433,
                            6.1336326341285385,
                            1.4080947924937341
                        ],
                        "up": [
                            -0.63687916712141401,
                            0.16210733879253122,
                            0.75372815868609933
                        ],
                        "zoom": 0.26399999999999957
                    }
                ],
                "version_major": 1,
                "version_minor": 0
            }
        }
    ]
}
