{
    "views": [
        {
            "tag": "main",
            "view": {
                "class_name": "ViewTrajectory",
                "interval": 29,
                "is_loop": false,
                "trajectory": [
                    {
                        "boundingbox_max": [
                            4.6799999999999997,
                            10.050000000000001,
                            2.537476272583008
                        ],
                        "boundingbox_min": [
                            0.29999999999999999,
                            0.58499999999999996,
                            -0.03203788250684738
                        ],
                        "field_of_view": 40.0,
                        "front": [
                            -0.88324053533895752,
                            0.10706955924086008,
                            0.45653287528733338
                        ],
                        "lookat": [
                            2.6117330555116687,
                            3.7568762673623728,
                            1.0177225558502989
                        ],
                        "up": [
                            0.45347549825484107,
                            -0.052782370549829982,
                            0.88970444184665276
                        ],
                        "zoom": 0.22599999999999953
                    }
                ],
                "version_major": 1,
                "version_minor": 0
            }
        }
    ]
}
