{
    "views": [
        {
            "tag": "panoptic-fusion-paper",
            "view": {
                "class_name": "ViewTrajectory",
                "interval": 29,
                "is_loop": false,
                "trajectory": [
                    {
                        "boundingbox_max": [
                            12.795,
                            9.6899999999999995,
                            2.8349999999999995
                        ],
                        "boundingbox_min": [
                            -0.23999999999999999,
                            -2.6699999999999999,
                            -0.074999999999999997
                        ],
                        "field_of_view": 60.0,
                        "front": [
                            0.12615550380578741,
                            0.26148599883570867,
                            0.95692730197878662
                        ],
                        "lookat": [
                            3.8738928820427687,
                            3.8949864340045037,
                            1.3799999999999997
                        ],
                        "up": [
                            -0.40612576033756104,
                            -0.86647644435559668,
                            0.29031093359899612
                        ],
                        "zoom": 0.35399999999999965
                    }
                ],
                "version_major": 1,
                "version_minor": 0
            }
        },
        {
            "tag": "view-from-another-way",
            "view": {
                "class_name": "ViewTrajectory",
                "interval": 29,
                "is_loop": false,
                "trajectory": [
                    {
                        "boundingbox_max": [
                            12.795,
                            9.6899999999999995,
                            2.8349999999999995
                        ],
                        "boundingbox_min": [
                            -0.23999999999999999,
                            -2.6699999999999999,
                            -0.074999999999999997
                        ],
                        "field_of_view": 60.0,
                        "front": [
                            -0.2555302880866791,
                            -0.38775579154531759,
                            0.8856352059360576
                        ],
                        "lookat": [
                            3.8738928820427687,
                            3.8949864340045037,
                            1.3799999999999997
                        ],
                        "up": [
                            0.53157604160311778,
                            0.70880299292403282,
                            0.46370812933945205
                        ],
                        "zoom": 0.30599999999999961
                    }
                ],
                "version_major": 1,
                "version_minor": 0
            }
        }
    ]
}
