{
    "views": [
        {
            "tag": "top-down",
            "view": {
                "class_name": "ViewTrajectory",
                "interval": 29,
                "is_loop": false,
                "trajectory": [
                    {
                        "boundingbox_max": [
                            7.5773524475097647,
                            4.0283615112304689,
                            3.1949999999999998
                        ],
                        "boundingbox_min": [
                            -0.029999999999999999,
                            0.00054627461358904841,
                            -0.044999999999999998
                        ],
                        "field_of_view": 65.0,
                        "front": [
                            0.0,
                            0.0,
                            1.0
                        ],
                        "lookat": [
                            4.0958846237864046,
                            2.0552639204964525,
                            1.575
                        ],
                        "up": [
                            -0.24813033741479515,
                            0.96872665683071768,
                            0.0
                        ],
                        "zoom": 0.35999999999999965
                    }
                ],
                "version_major": 1,
                "version_minor": 0
            }
        },
        {
            "tag": "side-one",
            "view": {
                "class_name": "ViewTrajectory",
                "interval": 29,
                "is_loop": false,
                "trajectory": [
                    {
                        "boundingbox_max": [
                            7.5773524475097647,
                            4.0283615112304689,
                            3.1949999999999998
                        ],
                        "boundingbox_min": [
                            -0.029999999999999999,
                            0.00054627461358904841,
                            -0.044999999999999998
                        ],
                        "field_of_view": 60.0,
                        "front": [
                            -0.23062618112774425,
                            -0.85845131314691236,
                            0.45811887926036726
                        ],
                        "lookat": [
                            4.1019697359608847,
                            1.7160936307268473,
                            1.1811837046434237
                        ],
                        "up": [
                            0.16570964628864177,
                            0.42928285054986309,
                            0.88783813127769928
                        ],
                        "zoom": 0.33799999999999963
                    }
                ],
                "version_major": 1,
                "version_minor": 0
            }
        },
        {
            "tag": "side-two",
            "view": {
                "class_name": "ViewTrajectory",
                "interval": 29,
                "is_loop": false,
                "trajectory": [
                    {
                        "boundingbox_max": [
                            7.5773524475097647,
                            4.0283615112304689,
                            3.1949999999999998
                        ],
                        "boundingbox_min": [
                            -0.029999999999999999,
                            0.00054627461358904841,
                            -0.044999999999999998
                        ],
                        "field_of_view": 60.0,
                        "front": [
                            0.58480306752909039,
                            0.62861015160126976,
                            0.51269352396182555
                        ],
                        "lookat": [
                            4.2715745378630396,
                            1.7627947572397962,
                            0.8531934575680874
                        ],
                        "up": [
                            -0.26061683421975224,
                            -0.45292837845638667,
                            0.85260468548451129
                        ],
                        "zoom": 0.40199999999999969
                    }
                ],
                "version_major": 1,
                "version_minor": 0
            }
        },
        {
            "tag": "view-in-panoptic-fusion-paper",
            "view": {
                "class_name": "ViewTrajectory",
                "interval": 29,
                "is_loop": false,
                "trajectory": [
                    {
                        "boundingbox_max": [
                            7.5773524475097647,
                            4.0283615112304689,
                            3.1949999999999998
                        ],
                        "boundingbox_min": [
                            -0.029999999999999999,
                            0.00054627461358904841,
                            -0.044999999999999998
                        ],
                        "field_of_view": 60.0,
                        "front": [
                            -0.24631706648017679,
                            -0.30709096681975578,
                            0.91925134803181441
                        ],
                        "lookat": [
                            4.2715745378630396,
                            1.7627947572397962,
                            0.8531934575680874
                        ],
                        "up": [
                            0.83050211197482571,
                            0.4220377234171791,
                            0.36352496753070329
                        ],
                        "zoom": 0.43999999999999972
                    }
                ],
                "version_major": 1,
                "version_minor": 0
            }
        }
    ]
}
